Order date	Region	Product	Amount
2/17/2026	East	Mugs	260
2/28/2026	East	Candles	530
3/2/2026	East	Candles	320
3/3/2026	West	Mugs	410
3/5/2026	North	Tea sets	780
3/6/2026	East	Mugs	480
3/9/2026	South	Candles	150
3/11/2026	East	Tea sets	275
3/14/2026	East 	Candles	640
3/16/2026	West	Tea sets	920
3/18/2026	North	Mugs	230
3/19/2026	East	Tea sets	1150
3/22/2026	South	Mugs	340
3/25/2026	East	Mugs	905
3/27/2026	West	Candles	300
3/30/2026	North	Candles	615
3/31/2026	East	Mugs	410
4/1/2026	East	Tea sets	700
4/3/2026	South	Tea sets	455
4/7/2026	West	Mugs	185
